cute, 2
gs, 2
just, 1
show, 1
mattresses, 1
photo, 4
over, 2
reporters, 1
brilliance, 1
report, 1
sleep, 1
thanks, 1
hanging, 1
go, 3
liar, 1
yes, 6
its, 3
before, 1
style, 1
now, 2
chinese, 1
tablet, 1
title, 1
had, 3
state, 4
winning, 2
being, 1
lets, 4
crying, 1
hometown, 1
stephen, 1
thompson, 1
me, 1
good, 2
street, 1
watching, 3
beat, 1
watch, 1
sipping, 1
game, 7
half, 1
akron, 1
world, 1
trophy, 1
hooking, 1
greens, 1
did, 2
always, 1
bay, 1
try, 1
truth, 1
team, 2
hype, 1
simply, 1
awesome, 1
brave, 1
citizens, 1
series, 3
some, 1
biased, 1
dead, 1
up, 1
roc, 1
finish, 1
are, 2
broadway, 1
cant, 1
morning, 1
odd, 1
arm, 1
bomb, 1
really, 2
cooper, 1
wow, 1
boy, 1
14th, 2
fans, 3
7, 2
got, 5
get, 3
salute, 3
lbjs, 1
be, 2
ends, 1
hero, 1
workflow, 1
night, 5
reason, 2
devil, 1
post, 1
by, 2
mvp, 6
league, 1
about, 1
piece, 1
last, 4
deserved, 1
many, 1
30, 1
keep, 1
thing, 1
levels, 1
mentor, 1
theres, 4
curry, 11
or, 1
king, 1
golden, 4
love, 4
champs, 3
feel, 1
win, 5
ca, 1
blessed, 1
one, 6
ambrosia, 1
periscope, 1
champ, 1
bitch, 1
away, 1
reached, 1
ring, 1
oakland, 7
guess, 1
basketball, 1
raise, 1
unknown, 2
there, 1
dude, 1
long, 1
whos, 2
live, 1
call, 2
too, 3
way, 1
6, 1
ph, 1
was, 1
climax, 1
today, 1
listen, 1
building, 1
an, 1
champion, 2
on, 6
fire, 1
season, 1
fireworks, 1
great, 2
but, 3
it, 8
phone, 1
solar, 2
catch, 1
copy, 1
true, 2
champions, 3
glad, 2
he, 1
play, 1
again, 2
congratulations, 3
made, 1
work, 1
soul, 1
will, 1
while, 1
riley, 1
dirty, 1
mr, 1
highlight, 1
more, 1
overcomes, 1
history, 1
v, 1
money, 1
have, 3
then, 2
almost, 2
is, 5
cleveland, 1
shined, 1
deep, 1
sad, 1
tonight, 3
need, 1
as, 1
right, 2
at, 1
want, 1
in, 9
ready, 3
happy, 1
funny, 1
harsh, 1
dying, 1
no, 2
warriors, 102
make, 1
cavaliers, 5
any, 1
parts, 2
5, 1
struggled, 1
unbelievable, 1
championship, 2
star, 1
though, 1
sacramento, 1
why, 2
who, 1
dubs, 7
lot, 1
kinda, 1
jackson, 1
drought, 1
snatch, 1
weekend, 1
finals, 3
a, 10
off, 1
remember, 1
amp, 2
i, 6
light, 1
well, 1
face, 1
mark, 1
so, 4
ultimate, 1
time, 3
senior, 1
review, 1
came, 1
charged, 1
