raining, 4
foul, 16
revelers, 3
woods, 2
hanging, 10
snowing, 1
lord, 9
sixer, 1
yellow, 9
bringing, 9
four, 7
prize, 4
wooden, 2
wednesday, 4
debuting, 1
commented, 1
charter, 1
tired, 11
miller, 2
bacon, 3
tires, 1
second, 10
valiant, 2
thunder, 7
cooking, 7
fingers, 3
clorox, 2
admiral, 1
hero, 5
error, 1
here, 177
tnts, 1
china, 5
cult, 1
kids, 11
k, 5
reports, 1
military, 3
golden, 608
remodeled, 1
hamas, 1
brought, 16
unit, 1
opponents, 2
cheating, 1
spoke, 1
music, 23
telegraph, 3
strike, 3
holy, 9
relax, 1
successful, 2
benefiting, 1
yahoo, 2
hurt, 9
99, 2
glass, 3
tying, 1
91, 2
90, 1
hole, 3
hold, 13
94, 1
97, 11
circumstances, 1
locked, 3
accomplishment, 1
locker, 11
sweeter, 2
example, 1
foodie, 1
dragons, 2
want, 86
cocksucker, 1
absolute, 3
hoe, 3
complaining, 1
travel, 7
feature, 6
revisit, 1
machine, 4
hot, 19
hop, 3
hoy, 19
credential, 2
beauty, 8
typed, 2
wrong, 20
chump, 1
unselfish, 1
types, 1
turnovers, 3
calves, 1
choking, 1
wins, 41
headquarters, 1
wink, 1
18th, 1
keeps, 7
wind, 2
wine, 7
dreamed, 1
kickoff, 1
xi, 1
owens, 1
fit, 5
screaming, 3
fix, 7
harvards, 1
survivors, 2
fig, 1
fin, 3
easier, 2
blowjobs, 1
thrones, 2
slate, 2
oks, 1
velcro, 1
interrupt, 1
silver, 4
represents, 1
vipers, 1
debut, 1
lockout, 1
financial, 1
woes, 4
series, 108
distillery, 1
cathedral, 2
message, 6
whip, 3
trending, 17
ha, 15
re, 3
ra, 2
rn, 14
foundation, 2
grapes, 3
crowned, 4
atf, 1
ate, 2
atm, 1
flurry, 1
ups, 9
silicon, 1
symbolize, 1
channels, 1
basketball, 302
service, 5
needed, 13
master, 2
listed, 2
gilbert, 3
legs, 1
bitter, 2
walkaway, 1
listen, 15
rewards, 1
crawl, 1
trek, 1
showed, 12
shower, 3
gatling, 1
feeling, 36
selflessness, 1
corny, 1
ests, 1
dozen, 1
concrete, 2
responsible, 2
amusing, 1
responsibly, 4
victoria, 4
y, 47
mouth, 4
addict, 1
letter, 2
entry, 4
drought, 10
thriller, 5
laughing, 2
obsessive, 1
episode, 2
tech, 8
scream, 3
came, 54
marvel, 2
saying, 27
bomb, 4
teresa, 1
padded, 5
concentre, 1
tempted, 1
eliminated, 1
lessons, 1
orleans, 1
busy, 4
shuffling, 1
menu, 1
bust, 1
mens, 7
rico, 2
theme, 6
bliss, 1
rick, 6
rich, 5
xlvii, 1
rice, 2
foremost, 2
pocket, 1
looting, 2
greens, 7
nicely, 3
coles, 1
release, 1
respond, 3
blew, 1
disaster, 1
fair, 6
result, 2
fail, 7
hammer, 15
best, 276
lots, 12
rings, 15
pancakes, 1
stamps, 1
score, 79
preserve, 1
wage, 1
men, 9
extend, 3
nature, 2
rolled, 1
souvenir, 1
affiliates, 1
lessss, 1
pity, 1
patented, 1
accident, 1
country, 5
sparta, 1
adventures, 2
edgar, 3
championssssssss, 2
logic, 2
argue, 1
asked, 4
2nd, 28
blonde, 2
101, 1
source, 1
union, 3
fri, 7
warriorses, 1
much, 72
stadium, 4
privilege, 1
life, 59
eastern, 1
irving, 3
lift, 5
chile, 1
child, 5
worked, 6
haters, 9
cunt, 1
wildcat, 3
manes, 1
pleads, 1
congratulation, 7
played, 46
player, 136
campaigning, 1
memorial, 4
coastguard, 1
things, 48
honk, 1
split, 3
babies, 4
photographers, 1
ownership, 3
supper, 3
tung, 2
tune, 4
lucas, 1
burgers, 1
echoes, 1
nachos, 5
opinions, 2
distribute, 1
sleepy, 2
whatnot, 1
previous, 1
ham, 2
han, 3
had, 138
ezed, 1
hay, 4
easy, 11
east, 13
hat, 47
disagreement, 1
possible, 8
awhile, 1
possibly, 1
birth, 2
shadow, 1
desire, 1
sliced, 1
bobby, 3
remind, 2
festivities, 2
steps, 3
bonkers, 1
ola, 1
right, 174
old, 13
creek, 4
crowd, 25
people, 81
crown, 9
crees, 1
enemies, 1
gasps, 1
preeminence, 1
bottom, 7
fox, 2
contributing, 1
wildcats, 2
uma, 2
dental, 1
lefty, 2
defensive, 1
losing, 11
memorable, 1
officiating, 3
filipino, 1
dollars, 2
citizens, 1
o, 32
stoked, 4
slightly, 2
raised, 2
statements, 1
marshall, 2
mba, 1
son, 25
thankful, 1
sou, 1
wrap, 19
mamba, 1
shoots, 2
fabric, 1
support, 29
constantly, 1
avail, 1
greatness, 12
halls, 2
happy, 171
notifications, 1
talents, 4
melanin, 1
congratulations, 241
inside, 14
nicest, 1
150, 1
tarheels, 2
proud, 77
proved, 6
tournament, 3
proven, 1
gemini, 1
exist, 1
floor, 12
warms, 1
role, 7
brings, 1
toots, 1
smell, 7
roll, 9
reggae, 2
palms, 3
models, 1
asterisk, 1
rolling, 2
congested, 1
98, 2
time, 228
push, 2
banners, 2
hangovers, 2
burritos, 1
skate, 1
vet, 3
92, 2
ver, 3
rousing, 4
balled, 2
veterans, 3
jerk, 1
cheap, 2
choice, 2
stays, 2
fullest, 1
minute, 8
epic, 18
tear, 5
leave, 13
team, 456
spiritual, 3
sigh, 1
prediction, 9
sign, 6
chopping, 1
shirts, 15
jamison, 2
bakeshop, 1
celebrated, 7
current, 9
wayward, 1
falling, 1
celebrates, 6
drafted, 1
vanderbilt, 1
understanding, 2
address, 2
alone, 6
along, 4
accomplishes, 1
brilliant, 1
queue, 2
accomplished, 2
buss, 1
bearable, 1
love, 252
fake, 3
working, 8
homesick, 2
positive, 2
angry, 5
predictions, 5
wicket, 1
films, 1
loving, 18
introducing, 1
afford, 1
apparent, 1
visual, 1
everywhere, 3
easiest, 1
believer, 1
printing, 1
following, 5
webster, 1
awesome, 59
allowed, 2
offense, 9
stole, 1
winter, 1
savor, 1
divided, 1
favouritest, 1
vancouver, 1
snaps, 1
blasting, 3
spot, 8
dats, 1
date, 3
such, 32
suck, 16
data, 1
stress, 1
surfing, 1
natural, 1
si, 22
so, 405
sn, 1
sm, 4
sc, 3
sb, 1
sa, 9
pulled, 2
se, 37
drunken, 2
transplants, 1
flips, 1
years, 126
course, 13
dapper, 1
jig, 1
djs, 2
lethality, 1
decades, 5
parades, 5
petition, 2
smarter, 1
insomnia, 1
nation, 38
records, 3
akron, 2
runners, 1
hancock, 1
roasts, 1
bowling, 1
veins, 1
quarter, 64
turtle, 1
square, 11
breakthrough, 1
entering, 1
canvas, 1
brags, 1
seriously, 10
internet, 3
formula, 1
squares, 1
dodgers, 2
million, 8
quite, 6
recordings, 1
besides, 1
grandma, 1
training, 11
brasil, 2
basso, 1
spam, 1
punk, 2
modest, 1
livingston, 14
aboard, 2
neglect, 2
henry, 6
saving, 1
spoken, 4
one, 254
vote, 6
potted, 2
open, 17
city, 92
bite, 2
whos, 41
2, 129
draft, 6
uke, 1
bits, 2
proving, 2
snatch, 1
ridiculous, 4
representing, 5
boyfriend, 4
depressed, 2
summary, 1
future, 8
cavalier, 9
janitor, 1
scuba, 1
recapping, 1
stylings, 1
sam, 1
sag, 1
argument, 1
sad, 16
say, 107
sas, 1
allen, 1
saw, 20
sat, 3
fashionable, 1
coliseum, 7
aside, 6
note, 2
take, 112
wanting, 2
butterfly, 1
motivational, 1
opposite, 2
knew, 29
crochet, 1
knee, 2
montage, 1
athletes, 1
average, 1
blockhead, 1
drive, 11
defeating, 2
ways, 8
jitters, 1
salt, 2
cobra, 1
bright, 2
aggressive, 2
imagined, 1
slow, 6
tears, 7
going, 180
actin, 1
hockey, 4
carolina, 6
directed, 1
assistant, 3
rejoices, 1
clans, 1
artist, 4
primo, 2
primi, 1
absurdly, 1
worried, 3
worries, 1
worrier, 2
16th, 8
vision, 2
sirens, 2
anyways, 3
impressions, 1
jumped, 1
bootleg, 1
jumper, 3
jobs, 2
spartan, 2
braggarts, 1
elijah, 5
spare, 1
jets, 1
spark, 2
busting, 1
mans, 1
many, 38
flipped, 1
s, 18
converses, 1
mane, 2
expression, 1
mann, 3
article, 4
ante, 1
boomers, 1
boat, 7
math, 1
caring, 2
teddy, 1
stretch, 3
west, 26
vacation, 4
breath, 1
raging, 1
combined, 1
reflex, 1
wants, 13
thousand, 1
formed, 1
photos, 5
rooftops, 3
warriorss, 2
former, 8
felling, 1
tribal, 1
engineering, 1
pacers, 2
newspaper, 5
situation, 2
spotlight, 2
unlikeable, 1
internets, 2
engaged, 1
fame, 3
verified, 1
rooting, 13
underestimate, 1
workout, 3
putin, 1
singapore, 1
cheers, 8
tracking, 1
murked, 1
hubby, 1
summer, 21
being, 55
rest, 24
parlay, 1
grounded, 1
color, 5
dicks, 2
starving, 1
around, 30
sportsmanship, 3
sums, 3
traffic, 7
world, 181
dare, 3
clan, 1
clay, 5
fives, 1
lebanon, 2
tvs, 2
perpetrators, 1
diving, 1
pickles, 1
thinks, 2
yesss, 5
memories, 12
noon, 7
scottie, 1
cannabis, 1
exit, 1
destroys, 1
biased, 1
contingent, 2
power, 6
jacksons, 4
leadership, 5
throwback, 3
thailand, 2
stone, 2
ace, 1
pelicans, 4
favorite, 46
meal, 2
neighbor, 1
act, 10
luck, 16
burning, 5
choppers, 3
image, 1
essex, 1
sneering, 1
lively, 1
parties, 1
pivot, 1
bubbly, 2
furies, 1
hes, 63
brazilian, 2
bubble, 1
complete, 12
survived, 2
keepsakes, 1
elimination, 3
buying, 3
handsome, 2
campion, 1
pull, 10
rush, 2
dirty, 6
agree, 7
gone, 21
ac, 1
ad, 4
johnny, 2
ai, 3
certain, 2
forgot, 4
am, 50
al, 14
watches, 3
an, 124
as, 196
hoodlum, 1
au, 2
at, 554
walks, 1
watched, 16
cream, 1
yoga, 6
graduate, 1
tight, 5
someones, 2
puppy, 1
seriousness, 1
midget, 1
terry, 2
hello, 9
mimic, 1
mass, 1
adam, 2
original, 2
mayans, 1
consider, 1
jason, 2
recaps, 1
vikings, 4
tv, 31
ts, 1
spirit, 13
riots, 8
chewing, 1
th, 1
dressing, 1
smile, 10
te, 4
tb, 2
ta, 6
appointment, 1
tatted, 1
24th, 12
hooking, 1
cable, 3
laying, 3
joined, 3
large, 5
pesky, 1
small, 10
dodges, 1
past, 13
pass, 10
ethically, 1
quicken, 10
clock, 6
section, 1
prevailed, 1
nurse, 2
contrast, 1
revealing, 1
full, 24
hours, 29
buzzing, 1
legend, 14
experience, 9
pics, 12
prior, 2
healthier, 1
social, 12
action, 7
followed, 4
follower, 2
indoors, 1
pulls, 21
select, 1
attendance, 1
6, 269
more, 187
teen, 1
door, 3
company, 6
chucks, 2
tested, 1
tees, 4
keeping, 5
science, 2
mall, 1
morgan, 1
learn, 2
knocked, 1
beautiful, 41
lives, 2
accept, 2
states, 30
salty, 7
sense, 1
dress, 1
huge, 17
imminent, 1
glowing, 1
hugs, 2
waved, 2
plant, 1
plans, 1
soundtrack, 1
plane, 7
waves, 1
backyard, 1
pleaded, 1
authentic, 3
plank, 6
twisting, 1
rowdy, 2
volleyball, 1
broadcasting, 1
jordans, 3
reminded, 3
brit, 2
paper, 3
scott, 1
brim, 3
signs, 2
broadway, 29
smiling, 3
its, 356
roots, 2
register, 1
bummed, 2
figuring, 1
pronto, 1
individuals, 1
ruining, 1
sauce, 2
tyrants, 1
rebounds, 2
thereof, 1
weeds, 1
idols, 1
sucked, 1
always, 48
knight, 3
found, 23
chipping, 1
status, 5
brunette, 1
england, 1
reduce, 1
really, 78
ftp, 1
fts, 2
missed, 33
misses, 2
salute, 12
downs, 1
belief, 1
suntan, 1
imagine, 4
rises, 1
bumped, 1
owners, 4
w, 54
bumper, 1
testament, 2
castle, 1
major, 6
rooted, 1
number, 15
kobe, 22
glitter, 1
guess, 36
fuller, 3
guest, 1
jet, 1
swipe, 2
contra, 3
saint, 1
interviewed, 2
interviewer, 2
grace, 2
condolences, 3
defends, 1
passant, 1
suffocating, 1
fights, 2
guarding, 3
graffiti, 6
sell, 1
extorted, 1
self, 4
commotion, 1
also, 27
internal, 1
play, 89
yawp, 1
brooklyn, 3
yawl, 4
plan, 2
champsssss, 2
galway, 2
arson, 2
sometimes, 5
cover, 6
giving, 9
barrel, 1
attacking, 1
golf, 1
gold, 24
defended, 1
session, 1
hornets, 2
blender, 1
impact, 2
sideboard, 1
condos, 1
reels, 1
failed, 3
wayne, 1
factor, 3
giants, 46
uncontested, 1
distance, 1
sunny, 1
preparing, 2
closely, 1
reporters, 1
banner, 1
sleeve, 1
cry, 13
rumored, 1
insane, 3
set, 18
sep, 2
startup, 1
see, 138
sec, 3
sea, 4
aberdeen, 2
project, 2
spirits, 2
muted, 1
movie, 8
currently, 3
rite, 2
15th, 1
available, 10
tristan, 4
last, 164
barely, 2
thor, 1
whole, 41
healing, 1
load, 1
drunk, 10
community, 8
rosa, 3
church, 2
unemotional, 1
devil, 3
hitting, 2
mindset, 3
resting, 1
champion, 179
nrl, 1
fire, 37
bitchy, 1
awake, 4
towns, 2
wheeled, 1
funk, 3
tweaked, 1
handling, 3
hostess, 1
straight, 8
empirical, 1
leaning, 1
kissing, 3
elevener, 1
scheduled, 1
hoping, 14
backing, 1
xian, 3
campions, 4
centennial, 5
triple, 6
chase, 1
funny, 55
raiders, 7
spectacular, 1
welts, 2
rules, 2
elevates, 25
snail, 9
flooded, 1
illest, 1
cigar, 1
alert, 3
viewing, 5
levels, 4
cucumber, 1
nickname, 1
stack, 1
focal, 1
recent, 7
picks, 2
person, 7
aftershock, 3
kelly, 1
listening, 8
using, 1
readers, 1
chest, 1
aloha, 1
parents, 3
crying, 10
surprised, 2
defiantly, 1
victims, 1
couple, 6
shitty, 3
suffering, 1
cuteness, 2
falcon, 11
projects, 1
d, 31
marquee, 2
continue, 6
partying, 3
goddamn, 1
bounce, 1
serengeti, 1
mighty, 2
sight, 1
religion, 2
behave, 1
shooters, 3
bd, 1
be, 476
ba, 2
bb, 3
bc, 6
bi, 1
smiths, 1
bk, 1
bw, 7
nowhere, 6
santa, 3
bs, 6
by, 320
deserved, 102
fouls, 5
nosebleed, 1
melbourne, 3
deserves, 19
stuart, 1
cummings, 1
repair, 1
clinton, 2
garbage, 1
terrorists, 1
hometown, 10
dois, 1
doubters, 1
appropriate, 4
selected, 1
next, 100
chirping, 1
arcade, 3
sneaky, 2
spending, 1
custom, 1
occupy, 1
suit, 1
poster, 3
link, 13
competition, 4
line, 14
posted, 7
cia, 1
uv, 1
alehouse, 2
up, 372
us, 89
ur, 16
cis, 1
maturity, 2
slander, 1
un, 19
uk, 4
faded, 1
medical, 2
yelled, 1
heartthrob, 1
aerial, 1
showtime, 1
haunt, 1
stoping, 1
phantom, 1
fixing, 1
edwards, 1
points, 19
scraps, 1
scrub, 2
beginnings, 1
suppression, 1
sides, 2
ago, 18
lane, 2
land, 6
fighter, 4
age, 4
barkley, 7
walked, 5
oracle, 60
fresh, 13
having, 22
essay, 1
monterey, 1
code, 13
splashing, 1
results, 2
illustrated, 1
stops, 2
flashback, 1
centers, 1
seemed, 1
young, 19
send, 8
dislike, 1
sent, 3
uploaded, 2
garden, 1
torture, 1
continues, 5
llama, 2
libby, 3
continued, 2
wipe, 1
timely, 2
magic, 8
experiencing, 1
eve, 1
anxious, 1
race, 3
challenge, 5
video, 67
wheat, 1
odd, 1
graduating, 2
richmond, 5
flowing, 1
bird, 2
led, 5
lee, 22
leg, 3
respectively, 1
punch, 3
les, 18
let, 59
great, 237
receive, 4
casino, 1
cousins, 3
popcorn, 2
opinion, 2
residents, 2
makes, 18
holmes, 1
marc, 4
panicked, 1
streamed, 1
dumbest, 1
standing, 3
confidence, 6
cheered, 3
zip, 1
illegal, 1
bush, 1
barrio, 1
doubt, 6
touched, 3
pfc, 1
babe, 4
carrying, 3
baby, 129
gladly, 1
customer, 2
balls, 1
animals, 1
athlete, 1
clients, 3
pour, 10
perfecting, 2
process, 2
lock, 7
rode, 1
pieces, 1
high, 23
streamer, 1
slip, 3
destroying, 1
swisher, 2
animal, 4
comedy, 12
especial, 1
blocks, 2
underway, 1
tied, 1
pigs, 1
fits, 2
hawk, 4
racks, 2
realized, 5
22nd, 2
counter, 1
reminders, 1
allow, 2
classy, 12
houston, 70
producer, 1
mute, 1
move, 21
produced, 2
motorcycle, 2
volta, 1
perfect, 25
chosen, 1
thieves, 1
degrees, 1
cusp, 27
nada, 3
dock, 1
freaky, 3
kiss, 6
realize, 6
truth, 20
glasses, 1
doing, 31
bums, 1
society, 2
books, 1
thirteen, 2
witness, 8
cest, 4
hilarious, 10
unprepared, 1
burke, 3
shut, 6
tempo, 1
temps, 1
surely, 1
embarrass, 1
scary, 2
dubbed, 1
david, 21
chilly, 1
davis, 6
scarf, 1
kendall, 1
bleu, 1
blown, 2
pines, 1
scene, 5
owned, 4
autographed, 2
khans, 1
owner, 8
festival, 2
fuckers, 2
tostada, 1
painful, 1
grated, 1
fouling, 5
stomach, 1
stars, 4
shorts, 3
1er, 5
haven, 1
steel, 1
gays, 1
devotion, 1
collecting, 1
warriorsss, 2
tonight, 380
clearly, 5
amphibious, 2
skulls, 1
hangover, 3
sinatra, 1
lancaster, 1
nancy, 2
courtesy, 3
device, 1
placement, 1
stronger, 2
face, 35
brew, 2
wounded, 2
painting, 1
fact, 5
atmosphere, 1
bring, 47
manchester, 1
bedroom, 1
trivial, 1
brink, 34
decade, 1
principal, 1
podcast, 1
jay, 3
jaw, 1
produces, 1
jan, 1
jam, 5
tape, 3
riding, 12
hope, 46
championes, 1
insight, 1
handle, 10
sweetie, 2
cranks, 1
means, 8
familiar, 2
lucky, 18
smash, 2
h, 3
reid, 2
intermission, 2
stuff, 12
hosed, 1
dallas, 1
basking, 2
ohio, 7
superstars, 4
guessing, 2
frame, 1
edition, 7
skateboarding, 1
packed, 11
destiny, 1
iguana, 1
email, 1
ends, 10
hogging, 3
finales, 13
historians, 1
figured, 2
ramp, 1
figures, 2
cinder, 1
co, 8
cc, 6
ca, 33
cx, 1
li, 1
picking, 1
cu, 1
powered, 1
trajectory, 1
waste, 2
rioting, 2
roasting, 3
graphics, 9
atlanta, 9
toasting, 3
gamesmanship, 1
rigged, 2
fielding, 1
va, 13
aesthetics, 2
vi, 2
site, 5
pitt, 1
hardware, 3
vs, 549
optimistic, 1
jenner, 1
tattoo, 6
romance, 3
matthew, 1
digging, 2
android, 2
ball, 41
bali, 1
dusk, 1
drink, 8
padres, 1
dust, 2
mosaic, 1
off, 106
shotgun, 2
drawing, 1
lest, 1
newest, 1
bananas, 3
less, 9
moments, 10
rooms, 1
predicts, 1
paul, 2
wee, 1
wed, 3
wen, 3
arrest, 2
wet, 5
teriyaki, 1
government, 1
biologists, 1
haul, 2
five, 3
desk, 2
joliet, 1
pier, 1
chairs, 1
meccano, 1
garage, 1
become, 6
emmy, 1
gaining, 1
habitat, 1
footage, 1
flush, 1
recognition, 1
disbelief, 1
literally, 6
avoid, 1
sketching, 1
does, 25
passion, 3
blurry, 2
stairway, 1
blowing, 2
schedule, 3
pressure, 8
zips, 1
loans, 10
stage, 12
sister, 3
lifestyle, 16
chrome, 1
whistler, 1
whistles, 1
executives, 1
yesssss, 3
pussy, 1
booed, 1
included, 1
maravilla, 1
crooked, 1
clevelands, 6
justifying, 1
spots, 2
bump, 1
yrs, 4
delivery, 1
delivers, 2
count, 3
official, 12
smooth, 5
excitement, 2
idol, 3
problem, 4
odds, 3
irish, 2
nurses, 1
recognize, 2
rubble, 1
ins, 1
inn, 1
ink, 4
inc, 2
compared, 1
deadly, 2
lately, 3
saviour, 2
details, 1
repeat, 8
monday, 3
bailing, 1
chance, 14
inspiration, 9
ghost, 2
rule, 4
write, 6
compete, 3
defend, 2
coopers, 1
controversial, 1
oldest, 1
saved, 2
relationships, 7
votes, 1
bike, 1
chill, 10
restock, 1
worth, 20
partys, 2
closeup, 1
jacob, 1
wagons, 1
chapel, 2
tickets, 9
pinch, 1
samurai, 4
red, 1
triumph, 2
jamaica, 3
paperback, 1
29th, 1
presidio, 2
midsummer, 1
sabbath, 1
horn, 3
chef, 41
7th, 4
panda, 1
established, 1
above, 5
officially, 6
told, 35
crunch, 1
sinks, 2
protection, 1
pursuit, 1
celebration, 111
stresses, 1
kudos, 2
daughter, 7
employees, 1
usps, 1
smoke, 4
stressed, 1
thursday, 7
total, 1
plot, 1
negative, 1
insult, 1
blueberry, 1
ir, 3
prints, 3
award, 4
aware, 1
championships, 27
trojans, 3
cured, 1
blocking, 2
word, 6
wore, 6
presentation, 4
work, 102
worn, 3
cuddly, 1
era, 9
clinging, 1
indicated, 1
india, 1
recovery, 1
egyptian, 1
nuts, 8
rookie, 6
moron, 1
disappoint, 1
beach, 2
gamble, 1
pizza, 3
fever, 1
lad, 2
lag, 2
lac, 1
lax, 2
lay, 1
law, 2
meaningful, 1
las, 16
chilled, 1
appreciate, 5
green, 84
parish, 2
fan, 120
order, 9
office, 9
satisfied, 1
japan, 2
nets, 3
ticket, 3
somewhere, 8
highlights, 37
then, 36
coffee, 11
safe, 16
break, 14
band, 10
bang, 2
payback, 1
jesus, 8
lifelong, 2
bank, 1
bread, 1
l, 15
flyers, 1
feeds, 1
nigerian, 1
hosted, 1
logo, 2
hostel, 2
forty, 1
forte, 1
daniel, 5
mvp, 746
created, 2
sprig, 1
champs, 585
system, 2
another, 75
drones, 2
comic, 2
electronic, 1
mojo, 2
elevator, 1
dumbass, 1
john, 6
dogs, 1
rejected, 1
honolulu, 1
wasted, 1
toronto, 1
mercy, 2
tavern, 7
scenes, 2
seated, 1
iron, 1
enforcement, 1
portraits, 1
forced, 1
livermore, 3
strength, 17
genuine, 2
convenient, 1
luxury, 2
forces, 1
curfew, 1
circles, 1
bruce, 3
hobbled, 1
germans, 1
alumni, 1
voting, 1
fitted, 2
reserve, 10
bimbo, 1
philippians, 1
respectfully, 1
nephew, 2
enjoyed, 5
sharks, 4
resemblance, 1
guidance, 1
hrs, 1
gutsy, 1
deepest, 2
do, 162
dl, 3
dm, 2
dj, 8
de, 133
dc, 3
preferred, 1
da, 40
happiest, 2
ds, 1
runs, 2
covering, 1
gears, 3
ems, 1
steal, 5
steam, 3
bairns, 1
miserably, 1
cattle, 1
christian, 2
pastel, 1
draws, 1
away, 52
gentleman, 1
tainted, 1
props, 12
wa, 2
wi, 1
ws, 4
kitchen, 7
cop, 4
cos, 1
cow, 1
brat, 1
coy, 1
ill, 21
brag, 1
ils, 1
col, 3
coo, 4
con, 24
peacefully, 2
tough, 10
royal, 4
warriorsssssss, 1
speak, 4
gratitude, 1
petty, 10
charisma, 1
relaxing, 1
clairvoyant, 1
currys, 70
has, 113
stubs, 1
ais, 1
air, 14
aim, 2
property, 2
mistake, 1
stink, 1
coconspirator, 1
sticker, 2
confirmed, 1
jerry, 2
perimeter, 1
nib, 1
hang, 7
evil, 3
hand, 12
selfless, 1
kept, 10
hopping, 1
humble, 11
tho, 45
contact, 2
mamma, 1
goals, 9
thd, 1
athletic, 2
gods, 2
quotes, 3
goggles, 2
thanks, 50
currying, 1
adding, 1
antes, 2
hills, 2
27th, 1
josh, 2
shout, 27
trampled, 1
board, 4
intercom, 1
mayo, 1
caps, 2
rns, 2
cape, 1
retreat, 1
hogs, 1
prouder, 1
night, 138
analyzing, 1
security, 1
sends, 1
born, 5
orchid, 2
congratulate, 9
humor, 3
purple, 1
phenomenal, 2
comments, 3
asking, 2
beating, 9
adorable, 11
participation, 1
marketing, 2
pose, 1
illustration, 2
post, 32
trophy, 85
niners, 6
lightheaded, 1
months, 8
accepts, 1
anime, 1
obs, 1
tonights, 13
wasting, 1
pays, 4
float, 6
delighted, 1
gearing, 1
capped, 1
mvps, 17
strangely, 1
wag, 1
wad, 1
fight, 31
derision, 1
way, 138
was, 356
war, 7
becoming, 7
true, 35
braves, 1
undefeated, 2
cancers, 1
emotional, 2
flat, 2
evidence, 1
promised, 1
mold, 1
physical, 2
dying, 4
handmade, 1
reality, 2
interested, 4
holding, 6
test, 2
operators, 1
scored, 2
brothers, 10
welcome, 13
update, 8
healthiest, 1
walton, 7
infomercials, 1
scorer, 1
scores, 1
together, 25
loyal, 7
cheater, 1
lineup, 1
basically, 6
concept, 1
dance, 13
grateful, 1
battle, 14
roanoke, 1
certainly, 3
zone, 1
hump, 1
flash, 2
southwest, 1
division, 2
charles, 7
vegan, 1
liability, 1
vegas, 17
kitten, 2
trouble, 1
blast, 8
presented, 1
12th, 4
gun, 5
p, 4
gut, 1
guy, 45
brave, 2
regret, 1
bravo, 4
fairytales, 1
professionalism, 1
snipers, 2
cargo, 1
curse, 5
appear, 1
shares, 2
uniform, 2
saluting, 1
supporting, 3
downloaded, 1
hoops, 17
appears, 1
change, 6
sending, 3
incoming, 1
exiting, 1
franklin, 3
usually, 2
pillow, 1
montreal, 3
homeward, 1
churchill, 1
regardless, 4
extra, 2
sincerely, 1
discrediting, 1
market, 1
buttons, 1
prove, 3354
unimpressed, 2
live, 205
commissioner, 1
club, 5
envelope, 1
organizations, 1
douche, 1
niggas, 13
cas, 1
car, 9
cap, 6
cat, 3
decker, 1
hardest, 3
champss, 1
can, 187
cam, 2
cab, 1
breeds, 1
heart, 18
dedicated, 2
taproom, 1
chip, 10
carroll, 1
topic, 1
heard, 13
posing, 1
chic, 1
clothing, 1
occur, 1
listened, 1
fortunately, 1
discussion, 1
spreads, 2
trophies, 4
lounge, 8
checklists, 1
dominance, 1
nonstop, 1
economy, 1
product, 1
sacrifice, 3
produce, 1
heroes, 4
iraq, 1
lifting, 1
remember, 69
benny, 1
corona, 3
meerkat, 9
typical, 4
serving, 1
indeed, 2
haircut, 1
brain, 1
cold, 4
still, 150
pinata, 1
ethic, 1
acknowledge, 2
conquerors, 2
yams, 1
window, 4
occasionally, 1
non, 3
gassing, 1
hale, 1
half, 35
not, 281
now, 355
hall, 33
nos, 4
wont, 27
january, 1
drop, 6
magazines, 1
em, 32
el, 61
en, 52
fired, 13
ed, 2
directing, 1
yeah, 60
fires, 2
replay, 4
ex, 1
year, 141
happen, 17
teams, 64
es, 28
er, 2
album, 1
accomplish, 1
space, 2
looking, 42
receiving, 3
outplaying, 1
shows, 8
rebuilding, 1
cars, 6
marina, 3
inevitable, 1
card, 4
care, 13
waxy, 1
selections, 2
transition, 2
honest, 4
nonprofit, 1
benefited, 1
striking, 1
flipping, 1
xx, 2
rink, 1
impossible, 3
ring, 53
drove, 2
tomorrow, 41
size, 11
sheer, 1
checked, 8
silent, 1
caught, 6
dawns, 1
friend, 12
lobbing, 1
brainy, 1
mostly, 2
triplets, 1
thai, 1
flowers, 1
rugged, 1
recruit, 2
karate, 1
aerials, 2
apples, 1
optimist, 1
hairline, 3
premier, 1
slap, 2
crossover, 4
13th, 2
slam, 6
breakfast, 5
recover, 2
lumpy, 1
veteran, 4
terrific, 1
hookah, 2
online, 28
begin, 12
price, 4
importantly, 2
america, 5
forever, 8
tooth, 1
sunset, 5
professional, 1
scoreboard, 1
ground, 16
snack, 6
title, 118
filipinos, 1
only, 78
martes, 1
thompson, 82
interstate, 1
pastrami, 1
truly, 10
celebrate, 96
leather, 1
losers, 5
backfiring, 1
husband, 3
bulgaria, 1
concert, 1
physically, 1
elected, 1
asleep, 3
sport, 21
israeli, 1
colours, 1
3, 94
skyscraper, 1
between, 14
whipped, 1
notice, 4
champssss, 1
blame, 1
comeback, 19
talented, 3
comes, 13
jeans, 1
dispatch, 1
disgrace, 1
cares, 7
informed, 1
cared, 1
rebuilt, 1
crumb, 1
proves, 4
editorial, 1
scum, 1
coolest, 3
bias, 3
heels, 1
return, 7
ship, 12
worry, 5
media, 22
gentlemen, 4
ceo, 2
followers, 5
lite, 1
noble, 1
finish, 41
closest, 1
enjoyment, 1
foam, 5
fruit, 2
mentally, 1
theater, 1
breeze, 1
charged, 2
taxi, 1
armour, 1
valuable, 3
shouts, 3
civilized, 1
touch, 6
speed, 1
death, 4
thinking, 10
halftime, 10
momentum, 3
real, 99
rasta, 1
read, 4
psa, 1
calendars, 1
early, 17
warriorsssss, 1
lads, 1
amp, 266
earls, 1
execution, 2
lady, 5
ruled, 1
streamers, 1
miracle, 4
t, 13
dirtier, 1
endorsed, 2
apartments, 1
viral, 2
kaiser, 13
deficit, 1
hustle, 12
assembly, 1
business, 8
equivalent, 3
credits, 3
fractured, 1
assemble, 1
exciting, 17
throw, 16
comparison, 1
central, 5
bushido, 1
hiatus, 1
fell, 4
testimony, 2
assassin, 3
backup, 1
protests, 1
teamwork, 22
ambrosia, 1
lob, 1
prepare, 1
area, 129
stoppage, 1
start, 47
stealth, 1
cats, 2
low, 7
lot, 10
valencia, 5
jones, 1
delayed, 1
trying, 27
hire, 2
illustrator, 1
comics, 2
bucket, 6
moved, 3
sales, 1
czechoslovakia, 1
trickled, 1
moves, 9
nerd, 2
powderpuff, 1
gambling, 1
poor, 4
poop, 1
drift, 1
podium, 2
poof, 1
coverage, 10
pool, 3
building, 14
doubted, 2
monte, 1
tomorrows, 2
pointing, 2
month, 6
unrest, 1
thoughtful, 1
sporty, 2
griffin, 1
safety, 2
very, 48
souls, 1
decide, 2
segway, 1
heaven, 3
louis, 1
acerb, 1
smith, 11
ass, 42
fence, 3
streets, 18
casual, 4
witnessed, 2
dribbling, 1
emotions, 2
witnesses, 1
learned, 3
loose, 6
answers, 4
tracks, 1
yummy, 2
strong, 14
respect, 47
arena, 41
colored, 1
ahead, 6
inspired, 2
losses, 1
telecast, 1
creepy, 2
whiny, 1
supertitle, 4
advertising, 1
trainer, 1
shuffle, 1
family, 46
put, 35
jrs, 1
toys, 1
takes, 19
taken, 8
injury, 5
3er, 2
excuse, 5
broke, 4
hurry, 4
grill, 8
offended, 2
nine, 1
history, 49
transcend, 1
pushes, 32
rejuvenate, 1
pushed, 1
revelry, 1
cheering, 15
stayed, 3
unlucky, 1
wigs, 1
fr, 3
ft, 8
tried, 6
rude, 1
unashamed, 2
fa, 1
tries, 2
fe, 2
fo, 1
a, 4916
slacking, 1
daggers, 1
ego, 3
dream, 24
feed, 1
remnants, 1
help, 29
soon, 18
held, 4
hell, 39
relaxin, 1
actually, 11
hemorrhaging, 1
heros, 1
fool, 3
evening, 3
motivated, 1
buffoon, 1
food, 10
reigning, 2
cupcake, 5
ces, 1
foot, 3
yr, 2
desperately, 1
sundays, 1
fully, 3
bless, 4
stopped, 4
flashbacks, 1
restless, 1
haley, 1
accidentally, 2
toda, 2
todd, 2
beyond, 4
event, 2
miss, 23
surrounded, 1
sustain, 1
7, 70
issue, 2
dunk, 21
pub, 3
labs, 1
houses, 1
reason, 26
base, 4
ask, 8
bash, 1
asl, 1
revolutionary, 1
launch, 1
terrible, 5
americas, 3
caption, 6
american, 1
expecting, 4
apocalypse, 1
knots, 1
olympia, 1
bulldozer, 1
fucked, 4
unexpected, 1
dominating, 1
mist, 1
splattered, 1
horse, 1
belongs, 1
station, 11
nigeria, 1
hundred, 1
banana, 1
selling, 1
gushers, 1
storm, 5
jordan, 36
signaling, 1
grocery, 1
grew, 1
anticipate, 3
grey, 1
uncanny, 1
kindle, 6
charlotte, 6
overstate, 1
sentences, 1
null, 1
ratings, 2
outbound, 1
flaming, 2
officers, 1
lit, 34
caliber, 1
quote, 5
kas, 1
sponsored, 1
position, 1
spartans, 2
salary, 1
chronicle, 2
clear, 4
clean, 3
stunned, 1
stunner, 8
hyped, 5
northern, 1
justice, 1
pretty, 39
circle, 3
policing, 1
officials, 1
meanwhile, 6
trees, 2
famous, 6
feels, 19
pretending, 1
contending, 1
workouts, 1
boost, 1
sacrifices, 2
gloves, 1
withdrawal, 1
switzerland, 1
corgi, 1
coffeehouse, 2
throwing, 4
culture, 7
close, 52
locals, 1
sportsing, 1
pictures, 7
wow, 39
pisa, 1
woo, 9
won, 264
probably, 3
missing, 14
unstoppable, 1
mentoring, 21
both, 30
anos, 1
buzz, 3
vault, 1
protector, 1
liked, 1
headed, 7
whatever, 3
likes, 3
boysssss, 1
yesssssssss, 1
stamp, 1
outstanding, 3
describes, 1
damn, 47
territory, 1
empty, 1
lived, 5
packs, 1
crack, 5
anthony, 2
recalled, 1
disruptive, 1
airforce, 1
pacs, 6
governor, 1
pace, 3
while, 41
match, 8
loot, 1
mitchell, 2
hooters, 1
pack, 1
costly, 2
voters, 1
reads, 1
ready, 109
anymore, 4
grant, 1
belong, 3
makeshift, 1
grand, 6
used, 8
dime, 2
bonus, 2
uses, 3
cleaning, 4
grind, 6
consistency, 1
ambassador, 1
cave, 2
quarters, 2
cocky, 5
praying, 2
afro, 1
retirement, 1
botch, 2
exercising, 1
questioned, 1
transformation, 1
elves, 1
march, 2
lacking, 1
showing, 12
tiring, 1
game, 4212
wings, 4
duluth, 1
popular, 5
lamppost, 1
sketch, 3
saturdays, 1
soma, 2
fathers, 22
some, 100
metres, 1
coney, 1
cavilers, 5
savage, 5
pounding, 1
eating, 10
rub, 1
hypocritical, 1
stem, 3
step, 16
assists, 1
lasts, 1
shine, 7
rarefied, 1
shiny, 1
block, 10
seeing, 15
dude, 9
within, 2
dubsssss, 1
rolls, 3
smells, 2
skyhook, 1
79, 1
heritage, 2
sinai, 1
calgary, 1
properly, 1
alive, 10
russian, 1
dull, 1
ceremonies, 1
info, 3
foresight, 1
similar, 1
ordered, 2
mindful, 1
kidney, 1
nab, 1
nad, 1
dashed, 1
upstage, 1
nap, 4
tits, 1
haft, 1
forge, 4
smiles, 4
draw, 2
reportedly, 3
kansas, 1
dray, 1
est, 1
structure, 2
e, 28
practically, 1
dvd, 15
outing, 1
depth, 3
requires, 1
sounded, 2
evenly, 1
gs, 98
kats, 1
gd, 2
gc, 1
ga, 2
go, 625
gm, 12
tweeted, 2
aquarium, 2
baron, 4
aria, 1
arrogance, 5
suite, 1
virtuous, 1
memorandum, 1
ukulele, 1
wave, 1
wavy, 1
trough, 1
telling, 2
retold, 1
michael, 8
deleting, 1
booty, 2
carter, 1
blitz, 1
waking, 3
jump, 11
booth, 1
picked, 5
download, 4
zu, 1
twitters, 1
click, 3
sausage, 1
cupcakes, 4
plays, 7
cell, 1
poles, 1
collins, 2
commercial, 3
believed, 1
focused, 2
chant, 6
closeout, 2
win, 706
classrooms, 1
wit, 11
singing, 1
cloud, 4
starters, 3
crap, 2
snoop, 1
remains, 4
congratulated, 1
camera, 1
crab, 1
congratulates, 3
hiding, 3
historically, 1
biblical, 1
started, 23
becomes, 3
confused, 2
crosses, 1
salad, 1
ride, 18
meet, 6
drops, 2
control, 4
links, 1
halloween, 1
pulling, 3
wonderful, 6
bowl, 3
vibe, 2
africans, 2
titre, 2
bandana, 1
farm, 1
fouled, 3
capsule, 1
scoop, 1
crazed, 1
agenda, 1
including, 2
helicopters, 4
blake, 1
walnut, 3
hands, 12
front, 14
announcers, 4
hippies, 1
fundraisers, 1
university, 4
playoff, 12
mode, 5
crossing, 1
nationals, 1
ankles, 2
mas, 8
morton, 2
yesssssss, 2
secretly, 2
armor, 1
playground, 1
memes, 8
calif, 1
wines, 1
reacts, 2
hype, 11
completely, 1
cowbell, 1
x, 19
celtics, 4
princess, 3
route, 16
florida, 1
times, 16
intoxicated, 1
margaritas, 1
shoehorn, 1
designed, 1
powerful, 2
congo, 1
bitch, 18
equinox, 1
quality, 3
fella, 2
management, 1
revealed, 1
attack, 1
ankle, 1
jellyfish, 3
final, 56
paved, 1
cutaway, 1
exactly, 3
apologist, 1
ben, 1
bed, 3
bee, 2
anaheim, 1
barb, 1
6th, 4
bet, 26
trashiest, 1
neem, 1
portrait, 1
need, 83
preps, 1
sings, 1
able, 9
homeboy, 4
jaunt, 1
skeptics, 1
truck, 1
medals, 1
56, 2
sewing, 1
dubs, 598
mimosa, 1
parenting, 2
counterbalance, 2
nous, 1
gallery, 1
upset, 2
wagoners, 1
impression, 2
anyway, 9
soldiers, 5
samosa, 1
shoes, 3
partners, 1
based, 2
earned, 24
winner, 21
brighten, 1
brighter, 1
dreamers, 1
thunderous, 1
employee, 1
achieve, 1
overall, 1
sipping, 2
joins, 1
thomson, 2
endless, 1
hiring, 2
wellness, 1
dishing, 1
sharpshooter, 1
tuned, 1
gran, 2
wish, 39
tunes, 1
grab, 4
grad, 1
preach, 2
spotted, 5
cuts, 2
freeze, 1
legacy, 2
desperate, 1
luckiest, 1
nightmare, 1
state, 544
horrible, 3
franchises, 1
buckets, 3
kicking, 1
key, 6
squads, 1
group, 9
precious, 1
hits, 10
career, 2
minds, 1
admit, 2
jersey, 15
tuesday, 20
kings, 14
quit, 7
yay, 35
addition, 1
thanked, 2
quiz, 1
slowly, 1
treat, 3
eraser, 1
quin, 1
league, 11
huntsville, 1
kicks, 1
smoking, 2
brunch, 1
shameless, 1
harder, 2
pandemonium, 2
harden, 10
mythology, 1
examiner, 1
demo, 1
eruption, 10
bucks, 4
capture, 3
began, 2
upside, 1
chants, 6
strange, 1
underground, 1
party, 88
tapped, 1
mudra, 1
appearances, 1
effect, 2
fierce, 1
magician, 2
steals, 2
destruction, 1
i, 1085
well, 182
flattop, 1
drone, 2
knuckleheads, 1
restore, 1
underdog, 2
42, 20
accurate, 1
sources, 2
skill, 1
bullshit, 3
nato, 1
riverside, 1
kick, 5
fate, 4
historic, 4
crushes, 1
intersection, 2
loss, 9
lincoln, 2
starrs, 1
necessary, 4
lost, 34
sizes, 1
candy, 1
sager, 1
lose, 41
rota, 1
page, 2
adversity, 1
shed, 2
jacked, 1
revert, 1
twitter, 20
grizzlies, 1
hush, 1
homo, 1
cleveland, 458
home, 168
petes, 3
peter, 3
grinding, 4
rewarding, 2
balboa, 1
medieval, 1
reaching, 1
choker, 2
chokes, 1
instinct, 3
choked, 1
dun, 1
freedom, 3
recognized, 1
cranberry, 1
tongue, 1
celebrations, 5
glenn, 1
washington, 3
tenderloin, 1
dug, 1
adrenalin, 1
museum, 1
noticed, 3
inner, 7
notices, 1
nikes, 1
jinx, 3
cricket, 2
prophetic, 1
north, 4
hr, 1
rioted, 1
hi, 10
ho, 2
hm, 3
hb, 1
highest, 4
ultimo, 2
ph, 2
he, 176
dama, 1
signed, 2
godson, 2
projecting, 1
limit, 1
pumped, 1
piece, 10
display, 2
kisses, 3
beats, 7
authority, 1
rumors, 3
contest, 3
offensive, 1
acrylic, 2
jamming, 1
star, 13
ecstatic, 3
stay, 29
friends, 43
blogs, 1
extras, 1
determination, 4
todays, 15
whoops, 1
protest, 1
captain, 1
unlimited, 1
swag, 3
buddy, 5
sweetest, 1
aus, 1
teaching, 1
sorry, 43
cavaliers, 331
blackheart, 1
smack, 1
updates, 27
overcomes, 1
hitch, 1
look, 55
skills, 5
commons, 1
heading, 11
whirlwind, 1
force, 13
japanese, 2
likely, 3
complimented, 1
even, 101
wreck, 2
lights, 6
new, 100
tips, 1
ever, 60
basks, 1
lbjs, 1
mem, 1
never, 69
drew, 2
met, 4
active, 1
100, 24
cardboard, 2
105, 8
dry, 1
luther, 1
credit, 31
permit, 1
joshua, 1
fantastic, 7
campaign, 1
county, 2
busses, 1
jackets, 1
counts, 4
army, 4
watering, 1
arms, 1
cali, 48
call, 43
calm, 11
typo, 1
survive, 2
type, 6
tell, 36
posting, 3
wars, 2
berlin, 1
warm, 2
adult, 2
ward, 1
room, 23
rights, 2
setup, 1
roof, 5
movies, 1
tagalog, 1
sizzles, 1
give, 72
climax, 2
laughs, 1
stressing, 1
honey, 1
unforgettable, 1
sideline, 1
funky, 1
braids, 1
amazing, 74
flanders, 1
sate, 1
answer, 4
massive, 4
believers, 2
vicious, 1
ova, 2
president, 8
lesbian, 2
ambivalent, 1
purchase, 1
attempt, 2
third, 6
capitalism, 1
maintain, 1
goodbye, 5
gladiators, 1
banger, 2
deck, 1
fellas, 3
panthers, 1
before, 51
scoring, 2
betted, 1
crew, 5
better, 87
weeks, 6
cred, 1
overcome, 1
combination, 2
weakness, 1
unemployed, 1
arrested, 1
roast, 4
ovation, 1
went, 30
side, 15
mean, 20
adobe, 1
skins, 1
taught, 1
trading, 1
stealing, 2
navy, 1
collector, 2
pussies, 1
tales, 1
crucial, 3
revolting, 1
content, 1
surprise, 4
kiwis, 1
turning, 2
cutest, 1
struggle, 3
starts, 13
prodigal, 2
100000, 2
signature, 33
arrived, 4
loud, 13
playwright, 1
chew, 1
grade, 1
hoop, 15
reassure, 1
hoot, 2
hook, 1
featured, 1
ditch, 1
hood, 4
goblins, 1
hawks, 5
girls, 8
penelopes, 1
witnessing, 1
burgess, 1
hollywood, 1
letsss, 2
wieners, 1
gym, 11
begins, 6
spoiler, 1
congratulatory, 1
anxiety, 2
matter, 11
fabulous, 1
deserving, 1
spoiled, 5
mini, 3
sees, 1
palace, 1
quench, 1
pistons, 1
modern, 1
mind, 18
mine, 6
ming, 1
seed, 1
seen, 26
seem, 3
obviously, 11
seek, 1
tells, 5
fitting, 3
niece, 1
panties, 1
uncrowned, 1
memorabilia, 1
regular, 8
don, 1
canasta, 2
punjabi, 1
m, 8
dog, 9
doe, 6
definitely, 23
dos, 5
annoyed, 1
aquatic, 1
lyrics, 1
withstand, 13
retire, 1
brilliance, 1
ending, 10
attempts, 2
sugar, 2
folks, 20
gangsta, 2
wearing, 13
stop, 29
coast, 8
meditate, 1
christopher, 1
smug, 1
earl, 1
earn, 2
bar, 33
bap, 1
bay, 250
bag, 6
bad, 42
bam, 2
effing, 1
ears, 1
lettering, 1
decides, 1
decided, 3
armageddon, 1
brazil, 2
said, 72
scrap, 1
olympics, 2
pets, 1
warrior, 73
triples, 1
wears, 3
44th, 1
harvard, 2
gentry, 9
cousin, 2
motto, 1
creds, 1
suggested, 1
damned, 1
foram, 1
hardworking, 2
durante, 1
height, 3
offerings, 1
periscope, 27
path, 3
loaded, 2
puts, 2
patrolling, 1
three, 19
tiny, 3
basic, 1
entered, 2
lovely, 1
riley, 157
threw, 3
website, 1
yessssss, 4
deeper, 1
varmints, 1
turned, 7
sunshine, 1
woodruff, 1
tapping, 1
personally, 1
165, 2
tank, 2
ugly, 2
near, 13
suppose, 1
aeroplane, 1
study, 1
chilling, 2
seven, 4
metropolitan, 2
mexico, 2
iq, 1
is, 916
sushi, 1
it, 4236
defeated, 2
shame, 6
cant, 163
il, 5
io, 1
in, 1348
seattle, 2
id, 11
ig, 7
grown, 1
bottles, 5
belle, 2
make, 97
polaroid, 1
unfortunate, 1
sidelines, 2
grows, 1
sacramento, 4
unicorn, 2
jealous, 2
opportunity, 2
thoughts, 7
kid, 14
programs, 1
materials, 1
pandora, 3
warriors, 19735
claims, 1
left, 49
protocol, 1
just, 298
sentence, 1
yea, 16
sporting, 3
unfair, 1
facts, 5
yes, 90
yet, 25
character, 4
potential, 1
save, 4
preseason, 3
background, 4
destroy, 2
strap, 1
dreams, 8
vanity, 1
dignity, 3
flattered, 1
dean, 1
deal, 14
dead, 13
jupiter, 1
dear, 11
normal, 4
microwave, 2
bold, 1
burn, 5
super, 30
tyres, 1
dunking, 2
yelling, 2
beta, 1
magazine, 2
afternoon, 4
emcee, 1
managers, 1
lied, 2
hakeems, 1
down, 102
lies, 1
1990s, 2
rant, 2
parade, 660
flying, 6
victorious, 1
fork, 3
starve, 1
offering, 1
fireworks, 36
failure, 1
approval, 1
analyst, 1
berk, 1
fort, 2
whiskey, 2
daddy, 15
propaganda, 1
delete, 1
classic, 8
toss, 2
sale, 14
gland, 1
muffins, 1
floating, 4
shiv, 1
shit, 83
graft, 1
holla, 2
handed, 2
digital, 1
roomies, 1
delivered, 1
dies, 1
felt, 4
journey, 2
sabres, 1
pizzas, 1
weekend, 53
died, 2
billion, 1
happening, 12
assume, 2
daily, 4
profits, 1
overdue, 1
skip, 3
walking, 9
cougars, 1
manager, 2
mile, 1
skin, 3
shot, 61
mill, 2
primer, 1
milk, 1
21st, 1
praises, 1
father, 1
countdown, 6
0, 8
finally, 60
shoot, 13
congratulating, 1
tacos, 2
lynch, 11
advised, 1
ma, 15
did, 168
die, 12
dig, 5
dia, 5
hooray, 4
item, 2
excellence, 1
round, 11
dis, 2
shave, 1
talked, 1
fearing, 1
dealing, 1
run, 32
adds, 2
norris, 1
heres, 20
filles, 1
international, 6
filled, 2
bandwagon, 32
makeup, 1
superstition, 1
snagging, 1
wait, 69
box, 23
boy, 58
yessss, 4
battling, 1
bow, 7
boo, 9
priceless, 1
bob, 10
bod, 1
genuinely, 2
patriots, 8
verge, 1
troops, 1
visit, 11
france, 2
peru, 1
sharpen, 1
checkout, 2
faith, 15
acceptable, 1
downtown, 49
savior, 1
effort, 16
capturing, 3
fly, 2
ponchos, 1
quoting, 1
soul, 2
hubris, 1
9th, 1
growing, 1
making, 40
arrive, 1
bites, 1
biter, 1
claim, 3
crazy, 3391
firing, 1
uruguay, 4
predict, 1
fuck, 52
agent, 1
pink, 1
clever, 1
till, 16
sunday, 7
pure, 8
pins, 2
sworn, 1
map, 6
staying, 6
may, 28
mac, 2
mad, 17
destructive, 1
guys, 71
grow, 7
man, 79
womens, 1
neck, 3
johnson, 2
facile, 1
maybe, 23
borrowing, 1
q, 13
switch, 4
killers, 1
unleash, 2
basket, 9
tall, 1
talk, 28
cute, 31
shield, 2
canberra, 1
wishing, 3
argues, 1
lyric, 1
shake, 4
pointer, 2
awaiting, 1
police, 15
thank, 67
interesting, 7
coaching, 2
listing, 2
tweets, 3
mail, 1
main, 3
texas, 2
finance, 2
views, 1
killer, 4
shatter, 1
sooner, 1
lunch, 10
touching, 2
kkk, 1
killed, 7
teller, 1
rock, 9
brews, 1
girl, 22
morning, 43
spiking, 1
relive, 1
canada, 3
living, 6
jackson, 51
3rd, 11
miles, 2
dominate, 3
correct, 3
after, 140
monster, 1
brooks, 2
spies, 1
california, 64
amigos, 1
cough, 2
advance, 3
underwear, 1
language, 1
standby, 1
thing, 31
principe, 1
yess, 6
think, 69
waited, 9
first, 97
cheese, 1
question, 8
rachel, 4
crib, 1
long, 42
suspended, 1
carry, 1
sounds, 7
honesty, 1
little, 49
slept, 2
immortals, 2
escort, 1
speaking, 2
meme, 6
eyes, 7
broadcast, 1
hillary, 1
butt, 3
11, 17
10, 42
13, 13
cracks, 1
15, 27
14, 4
17, 6
16, 4
19, 5
18, 3
were, 118
gathering, 3
dass, 1
marijuana, 1
voices, 1
winding, 1
conspiracy, 1
pastry, 1
clung, 1
squat, 1
efficient, 1
shocked, 2
squad, 26
performance, 10
switching, 2
channel, 5
bets, 5
200, 1
skinned, 1
pain, 2
theatre, 2
roster, 6
track, 6
paid, 4
truelove, 1
assault, 1
barrage, 1
sheets, 1
pair, 1
supremely, 1
tracy, 1
queens, 2
especially, 5
voodoo, 1
sigma, 1
shop, 6
playoffs, 153
show, 68
shoe, 3357
corner, 3
takin, 1
dick, 5
behind, 5
spirituality, 1
black, 17
raising, 1
travesty, 1
germs, 1
get, 257
stomp, 1
ramadan, 1
spraying, 1
hailed, 1
nearly, 2
gee, 2
gem, 4
checks, 2
stupid, 4
worrying, 2
milling, 1
seat, 4
cocktails, 1
seal, 4
wonder, 13
puma, 1
championssssss, 1
mayor, 8
enough, 29
diamonds, 1
reading, 4
across, 8
infrastructure, 1
august, 2
jr, 11
killing, 7
js, 3
dates, 2
fried, 2
saratoga, 1
trader, 1
trades, 1
according, 1
tour, 2
disappointment, 1
delirium, 1
traded, 2
cancer, 5
mulatto, 1
disliking, 1
considering, 1
sensible, 1
arts, 6
caricature, 1
capable, 1
mark, 39
workshop, 3
mary, 1
chalet, 5
wake, 13
hardcore, 2
sound, 4
ratchet, 1
rhodes, 1
cancelled, 1
slapping, 1
eventually, 2
rubbing, 1
sleeping, 9
middle, 2
sudden, 1
everyday, 5
bags, 2
different, 4
pas, 4
pat, 2
harsh, 1
pay, 8
same, 26
pac, 12
speech, 10
stepped, 2
pal, 1
extended, 3
assist, 1
running, 15
totally, 9
amazes, 1
roommate, 2
solve, 1
bottle, 3
easing, 1
bumping, 3
amazed, 1
bitchesss, 1
money, 23
adjustments, 1
pissing, 2
wifes, 1
clueless, 1
nick, 1
politicians, 1
pile, 1
4, 71
careers, 1
grit, 1
mot, 1
mon, 2
mom, 18
mob, 3
disappointed, 4
macarthur, 2
adams, 1
server, 1
facing, 3
audience, 1
either, 6
served, 2
passionate, 2
sneaker, 1
cabs, 3
gross, 1
outs, 4
ellis, 3
drenched, 1
lotto, 1
communitys, 1
aussie, 3
oahu, 1
seconds, 8
fitness, 7
broken, 3
dastardly, 1
drums, 3
violence, 1
meaning, 1
pockets, 1
matisse, 1
road, 9
dagger, 6
coupon, 2
skilled, 2
blessed, 40
dreaming, 2
uptown, 1
distracted, 1
madden, 4
lions, 1
tycoon, 2
mornings, 3
purgatory, 1
strikes, 13
bookstore, 2
spice, 1
electrifying, 1
powerless, 1
videos, 1
deep, 25
fellow, 5
file, 1
lifetime, 4
outtake, 1
film, 3
fill, 1
again, 78
retiring, 1
personnel, 2
drivers, 1
field, 4
obsessed, 1
important, 4
dunked, 2
remote, 2
u, 97
alright, 12
12, 18
starting, 13
represent, 11
liar, 1
forget, 11
founder, 1
suns, 3
dollar, 3
commute, 2
talks, 2
fixtures, 1
children, 1
unobstructed, 1
dieses, 1
enjoying, 6
premium, 1
returning, 2
fall, 3
winning, 130
difference, 12
elated, 1
washing, 1
celebrity, 2
reminding, 1
neighborhood, 7
clinch, 4
burger, 2
zero, 5
titles, 3
perspective, 2
appreciating, 2
creatures, 1
90s, 3
abc, 14
stood, 2
opted, 1
lakeshore, 1
tribute, 4
dias, 1
movement, 3
tattoos, 2
bowtie, 1
birthplace, 2
coco, 13
speeches, 1
scurry, 1
airport, 7
misery, 1
narrow, 1
buses, 2
clapping, 3
africa, 6
bruins, 2
suspensions, 1
eye, 2
distinct, 1
two, 37
comparing, 2
splash, 50
jive, 1
dunks, 4
achieving, 1
diamond, 2
formality, 1
leonard, 1
landed, 3
karaoke, 1
town, 73
hour, 5
chardonnay, 1
recall, 1
des, 7
sucks, 11
guards, 2
hideout, 1
remain, 1
abandon, 1
purchases, 1
share, 10
numbers, 28
robinson, 1
needs, 14
awkward, 2
acts, 2
par, 2
blood, 6
coming, 52
response, 4
hypnotized, 1
crowded, 2
tweeting, 5
dragon, 10
secs, 2
playing, 49
heartfelt, 2
through, 31
filters, 1
arrogant, 1
24, 17
25, 7
26, 7
27, 1
pens, 1
21, 17
22, 5
23, 9
28, 2
29, 1
late, 32
messes, 1
hurting, 1
someone, 21
disrespectful, 1
walls, 1
newsflash, 1
complain, 2
association, 1
mystery, 1
huddle, 2
2s, 1
drake, 8
2d, 1
habits, 1
boisterous, 1
mental, 4
house, 34
energy, 7
hard, 31
winnow, 1
idea, 2
portland, 2
sixers, 5
tailgating, 2
projected, 4
acting, 3
brewers, 1
print, 4
brewery, 1
pathetic, 2
bulls, 20
disneyland, 1
members, 3
backed, 1
beginning, 13
benefits, 1
prophet, 1
needing, 1
rogues, 1
raptors, 1
done, 70
copped, 2
compensated, 1
wager, 1
least, 17
paint, 4
statement, 3
mama, 11
beardown, 4
para, 28
park, 20
madmen, 1
part, 28
believe, 55
b, 11
gotten, 3
youth, 2
supposed, 5
ages, 1
showers, 6
agee, 1
aged, 1
orders, 2
ditched, 1
mountain, 5
built, 3
dancing, 13
trip, 6
build, 21
commentary, 1
province, 1
mosh, 2
most, 31
charm, 2
services, 1
ka, 2
ki, 1
ko, 6
km, 1
cramped, 1
ky, 1
parody, 1
nobility, 1
joining, 4
thomas, 4
rileys, 4
sparrow, 1
scattered, 1
relation, 1
headlines, 1
fine, 3
find, 26
giant, 4
legionnaire, 1
pinche, 2
nervous, 7
19th, 11
unhappy, 1
freedoms, 1
idiots, 1
8, 11
silt, 1
permission, 2
luke, 7
express, 1
courage, 2
tiros, 1
merchandise, 1
californias, 1
frankly, 1
contagious, 1
tale, 1
doubles, 3
restaurants, 2
vine, 87
individual, 2
11th, 3
overconfident, 1
visiting, 2
please, 35
aviary, 1
fans, 263
burned, 2
champagne, 28
vindicated, 1
historical, 3
drawings, 1
alters, 1
pissed, 3
floats, 5
journeyed, 1
sultan, 1
annual, 1
point, 42
dwindle, 1
rad, 1
tennessee, 2
simply, 2
unsuccessful, 1
throughout, 2
busters, 2
expensive, 1
patiently, 1
raise, 5
create, 1
dropping, 4
chiseled, 1
fountainhead, 1
vans, 1
gay, 3
honorary, 1
gas, 4
priced, 1
gan, 1
understand, 3
underdogs, 1
honking, 5
trojan, 1
metro, 1
raw, 4
solid, 6
bill, 2
replaced, 1
fun, 50
portugal, 1
century, 1
championsssss, 1
keys, 1
yesterday, 21
moment, 79
purpose, 3
celebratory, 3
lacrosse, 3
beanie, 1
finesse, 1
spent, 2
grunts, 1
flags, 1
chaplains, 1
organization, 4
spend, 1
circling, 1
credentials, 1
alternative, 2
injuries, 7
letting, 6
cut, 8
cup, 3
hated, 1
oaklands, 7
shouting, 1
cue, 2
cud, 1
deliberately, 1
snap, 8
excited, 34
hates, 2
hater, 7
big, 102
rebound, 3
mins, 21
matters, 4
biz, 3
vending, 1
bit, 9
bis, 1
knock, 3
glove, 1
google, 5
collectors, 1
absolutely, 5
back, 114
martial, 6
mirror, 2
jewelry, 5
decision, 4
pep, 1
newark, 1
sneakers, 1
peg, 1
nose, 1
300, 2
continuing, 1
chanting, 5
goods, 1
graduation, 1
drama, 1
jimmy, 1
airbrushing, 1
lesson, 3
ontario, 1
few, 22
homemade, 1
forward, 14
murphy, 1
boys, 60
sideshow, 3
hopes, 1
groovy, 1
mavericks, 1
planet, 3
possession, 1
flop, 1
single, 11
cure, 1
curb, 1
cafe, 3
prevail, 1
excuses, 10
explaining, 1
musician, 6
prepared, 2
fisher, 1
desert, 1
overlooking, 1
wards, 1
cooked, 1
presenting, 2
minors, 1
factoring, 1
helps, 3
fatah, 1
random, 1
dessert, 1
putting, 16
entire, 9
meek, 1
resurface, 1
shock, 1
mural, 5
synergist, 1
hurrah, 1
copenhagen, 1
chicago, 9
3s, 23
anthem, 6
assisted, 1
payday, 2
3d, 1
body, 4
toast, 3
ramona, 1
objects, 1
sink, 1
hobart, 1
sing, 2
sine, 1
extreme, 1
39, 2
38, 2
talent, 3
33, 2
32, 35
31, 3
30, 71
37, 4
36, 2
35, 5
later, 13
climb, 1
honor, 9
looted, 1
named, 16
baskets, 1
names, 1
lima, 1
patron, 1
hammered, 1
butler, 1
screening, 1
trail, 4
train, 3
ashamed, 1
tearing, 1
minions, 1
f, 3
tunnel, 1
unreal, 6
crickets, 1
praise, 4
closing, 2
unpacking, 1
snacks, 2
native, 2
lame, 2
boxing, 8
winners, 43
stock, 2
profile, 2
collection, 2
sip, 1
sit, 2
mustache, 1
six, 42
hugged, 1
horns, 1
flattering, 1
nasty, 2
bunch, 7
bridges, 1
le, 21
lb, 1
la, 110
tsa, 1
blatant, 1
lp, 9
dad, 27
greater, 1
dam, 3
spell, 1
dat, 6
mention, 2
daw, 2
das, 2
day, 208
preschool, 1
warned, 1
tues, 1
slipping, 3
flair, 1
lie, 3
strip, 3
timberland, 1
wade, 4
popping, 1
announcer, 4
rep, 9
rev, 1
mate, 7
stud, 1
reb, 1
announced, 4
workflow, 3
frank, 3
duffle, 1
salami, 1
bleed, 2
yard, 3
south, 5
finest, 3
whoop, 2
reached, 1
owning, 1
stencil, 1
sadly, 1
laps, 1
palestine, 4
messing, 2
gear, 28
bulldog, 1
nobody, 11
negro, 2
coughed, 1
loved, 8
jocks, 1
pointers, 3
townie, 1
bullhorns, 1
loves, 11
visited, 1
coronation, 1
comfortable, 1
have, 250
apparently, 6
continents, 1
min, 18
mix, 4
mis, 2
mit, 1
uncategorized, 1
savages, 1
enthusiastic, 1
gather, 2
absurd, 1
selection, 1
text, 5
supported, 3
supporter, 1
staff, 3
grabbed, 1
knowledge, 3
satan, 2
exceptional, 3
beat, 73
beau, 1
photography, 1
bear, 1
restocked, 1
perfection, 2
timing, 3
areas, 3
calling, 9
fixed, 2
national, 8
showdown, 1
intensity, 1
awaits, 1
interview, 12
madras, 1
canons, 1
icecream, 1
difficulties, 1
bruno, 1
routine, 1
progress, 1
deliver, 1
joke, 4
taking, 32
busted, 2
conquered, 1
passing, 5
otherwise, 1
comment, 2
relevant, 2
laird, 1
ships, 1
denim, 1
commend, 2
laugh, 2
earning, 2
pouring, 2
fright, 1
exhausted, 5
attends, 1
curtain, 1
citadel, 1
finishes, 15
finished, 5
sausages, 1
bull, 3
assessments, 1
general, 1
kenya, 1
bye, 11
welcoming, 1
plain, 2
appearance, 2
value, 1
ar, 1
frustrating, 1
almost, 39
av, 1
helped, 4
claimed, 1
partner, 2
tumbled, 1
injured, 3
tighten, 1
practice, 9
sauna, 2
sisters, 2
sunburn, 1
center, 15
seth, 1
thought, 29
sets, 3
comparisons, 1
latest, 2
stores, 1
nicknames, 1
clinic, 1
seats, 7
protecting, 1
earshot, 1
lake, 57
bench, 17
add, 4
smart, 4
tests, 1
kali, 1
royalty, 1
like, 300
success, 32
journalist, 1
chick, 1
works, 4
soft, 2
chico, 2
hail, 1
hair, 3
proper, 1
supportive, 1
happens, 9
tms, 1
esp, 2
ese, 3
assuming, 3
rale, 2
hysterically, 1
regain, 2
bingo, 1
noise, 3
slight, 4
lieutenant, 1
host, 1
worthy, 2
waving, 1
about, 217
actual, 1
shaking, 4
toms, 1
legendary, 5
blessings, 3
binge, 1
guard, 8
curries, 1
sheet, 1
waikiki, 2
legends, 8
biggest, 14
buy, 18
chatting, 1
bus, 9
but, 379
reminds, 3
bum, 1
editing, 1
memphis, 6
versatile, 17
glory, 4
dangerous, 2
j, 13
levis, 1
primos, 1
minutes, 44
pia, 1
pic, 27
pie, 2
pix, 1
periods, 1
paraguay, 1
commentators, 2
shooting, 30
pit, 6
taekwondo, 1
letsssss, 2
48, 3
49, 1
47, 1
45, 8
claiming, 4
43, 4
40, 92
surreal, 7
special, 11
out, 391
yelp, 1
resolution, 1
baker, 2
yell, 3
limited, 5
hats, 15
dynasty, 10
sleep, 24
hating, 6
hate, 15
poorly, 1
paris, 1
tweet, 16
under, 8
pride, 18
rise, 4
lurk, 1
every, 51
jack, 7
confetti, 22
monkeys, 3
school, 9
cause, 26
venus, 1
glued, 1
enjoy, 25
leaders, 1
direct, 2
snafu, 1
nail, 2
street, 27
shining, 1
blue, 30
hide, 1
christ, 7
beaten, 3
revolver, 1
liberty, 1
coasters, 1
blur, 2
disney, 1
pats, 1
kicked, 2
hundreds, 1
studio, 1
humility, 4
aftermath, 3
biloxi, 1
paining, 1
digits, 1
voice, 5
attending, 1
auction, 1
changed, 4
mentor, 1
changes, 2
changer, 1
offs, 1
ambulances, 3
figure, 4
touchdowns, 1
feelings, 3
patience, 1
asses, 1
spike, 3
preview, 3
breathe, 4
naive, 1
phone, 6
connecticut, 1
excellent, 8
companys, 1
must, 18
me, 248
mf, 1
join, 16
mc, 13
midwest, 1
mo, 12
mi, 9
mu, 2
mt, 1
mv, 1
ms, 2
mr, 13
salvage, 1
mx, 1
shook, 1
gadgets, 1
overheard, 2
keep, 67
ceremony, 5
end, 75
trill, 1
sitting, 9
gate, 7
badly, 1
poker, 1
cosign, 1
mouths, 1
mess, 3
lump, 1
jumping, 4
poked, 2
salsa, 1
croissant, 1
funniest, 1
ultimate, 5
enter, 2
aloud, 1
harlem, 1
over, 172
london, 6
oakland, 1086
destroyer, 1
canto, 1
expectations, 1
writing, 2
destroyed, 1
imp, 1
edits, 26
fade, 4
clv, 1
vandalize, 1
interdisciplinary, 1
17th, 1
chuck, 4
detroit, 1
explode, 1
filling, 2
victory, 91
each, 12
dethrone, 3
signing, 2
celebrating, 84
saturday, 5
goo, 4
driving, 6
sang, 1
god, 49
heavenly, 1
got, 3610
arizona, 3
merchandising, 1
free, 79
rain, 5
wanted, 20
westside, 13
jubilant, 1
days, 24
priorities, 1
already, 43
hearing, 3
fantasy, 2
sober, 1
blunts, 1
top, 36
heights, 2
ton, 2
too, 141
tom, 1
tod, 1
urban, 3
murder, 1
centered, 1
serve, 2
took, 29
wrapped, 2
toot, 2
western, 5
perfectly, 2
roles, 1
classes, 1
flame, 1
10th, 1
bridge, 22
donkey, 1
fashion, 8
ran, 6
talking, 15
rap, 13
lbj, 28
nipples, 1
thoroughly, 1
snow, 3
balling, 3
rider, 3
though, 36
plenty, 2
ivester, 1
coin, 1
parting, 1
glow, 1
peers, 1
tanzania, 1
devastating, 2
metal, 1
reputation, 1
entertaining, 2
chariot, 1
bait, 1
inspire, 2
queen, 4
sage, 1
talkers, 1
pops, 1
colors, 22
radio, 3
sharpie, 1
queer, 1
earth, 3
bail, 1
situations, 4
delays, 1
minnesota, 1
institution, 1
excitedly, 1
photo, 168
mixture, 1
sunglasses, 2
asians, 1
watch, 216
goons, 2
ballup, 1
wedding, 7
report, 5
swindled, 1
anxiously, 1
public, 2
twice, 6
erupt, 1
shots, 30
swept, 1
liquor, 1
resist, 1
disturbing, 1
jerseys, 8
capacity, 1
mug, 2
finger, 3
hopefully, 8
mum, 1
approach, 1
visualization, 1
incarnation, 1
weak, 14
however, 2
boss, 10
nightmares, 1
wear, 8
dedication, 2
news, 36
improve, 1
faced, 2
protect, 3
fault, 2
jelly, 1
participating, 1
players, 49
games, 47
spurs, 22
faces, 2
jello, 1
betting, 2
unicorns, 1
trust, 7
outshining, 1
comical, 1
conference, 9
bathroom, 5
mitchells, 1
ropes, 1
rebounded, 1
been, 128
quickly, 2
beep, 2
confident, 18
beer, 8
spread, 3
expected, 6
sprite, 2
drugs, 1
search, 1
catch, 12
lessen, 1
n, 57
strangest, 1
teachers, 1
stopping, 4
pyramid, 2
cyclones, 1
dumplings, 1
storefront, 1
nike, 18
wound, 2
complex, 1
several, 4
layups, 1
basketballs, 1
screw, 1
pick, 13
fridays, 6
characters, 1
tyson, 5
ocean, 1
greatest, 23
mother, 6
hearts, 2
jean, 2
dads, 2
assembling, 1
unemployment, 1
thumbs, 1
campbell, 3
furry, 1
thick, 1
advanced, 1
jazzed, 1
gave, 17
breaks, 4
roach, 1
burns, 3
burnt, 2
rumor, 2
apart, 5
atmospheres, 1
ninjas, 2
59, 1
58, 1
gift, 8
55, 3
54, 2
gifted, 1
50, 13
52, 3
amoy, 2
broadcaster, 1
overrated, 1
matchup, 3
hunt, 1
rustling, 1
groupies, 2
successfully, 1
proudly, 1
meters, 1
intellect, 3
cooper, 1
combat, 3
ear, 1
zionist, 1
ice, 3
totals, 4
avatar, 1
core, 1
khaki, 1
brawl, 1
corn, 1
plug, 1
attacks, 1
choke, 7
dinner, 12
plus, 9
logistical, 1
efforts, 1
twitch, 3
sept, 1
badgers, 1
froze, 1
presence, 1
civil, 2
accommodate, 1
tribune, 4
rounds, 1
fairyland, 3
creamery, 1
class, 16
virgin, 1
anderson, 1
fought, 11
head, 18
attempted, 1
gorgeous, 1
26th, 2
heat, 16
hear, 32
solar, 2
ruined, 2
unboxing, 1
usher, 1
reminiscing, 1
trio, 1
fury, 2
shined, 1
kaufman, 1
sometime, 1
shines, 1
annoying, 1
check, 36
blatantly, 1
ni, 5
faithful, 2
no, 198
na, 33
nb, 22
nc, 4
fitzgerald, 3
ne, 1
vanquished, 1
ng, 6
ny, 6
setting, 3
np, 9
tie, 2
tic, 1
picture, 13
turnup, 16
football, 12
scratchy, 1
longer, 2
bullet, 1
serious, 12
neighbors, 2
coach, 56
affair, 1
roc, 1
roe, 2
deliveries, 1
leads, 7
displaying, 1
row, 5
charge, 3
agreed, 3
coop, 1
advantage, 2
tubby, 1
exalted, 1
sponsors, 2
sloppy, 1
tanks, 1
cook, 2
cyan, 1
cool, 32
tortillas, 3
clouds, 1
impressive, 5
level, 7
philippines, 1
peeps, 3
hawaii, 2
quick, 11
says, 25
porn, 1
trend, 1
slowed, 2
chicken, 7
substitute, 1
drinks, 5
stands, 3
feat, 3
debate, 1
goes, 24
kami, 2
water, 5
fluke, 2
filmed, 1
baseball, 13
peed, 1
supplying, 1
shove, 2
healthy, 9
mumbai, 1
dublin, 1
exams, 1
weird, 6
automaton, 1
doris, 5
footlocker, 1
threes, 5
morale, 1
durham, 1
1st, 29
touchdown, 1
handled, 1
sports, 69
memory, 1
prep, 1
today, 169
riot, 13
chocolate, 1
beers, 1
local, 18
unruly, 1
ferry, 1
laughter, 2
roundtable, 1
deservedly, 1
trump, 4
stream, 60
dropped, 1
counting, 2
secured, 1
cuba, 2
1, 101
cardinal, 1
fourth, 4
speaks, 5
springfield, 2
unbelievable, 9
paramount, 3
birthday, 36
leva, 1
liquid, 1
curry, 1116
phoenixs, 1
exclusive, 2
comfort, 1
midnight, 2
worship, 1
blocked, 1
felicia, 1
wallace, 1
civic, 6
platform, 1
offers, 1
happened, 17
moms, 3
conversations, 1
bound, 6
underneath, 1
wagon, 5
name, 11
clutch, 8
shy, 8
individually, 2
married, 1
torch, 2
catching, 2
begun, 3
obsession, 1
oklahoma, 1
factory, 1
theory, 1
hulk, 2
calories, 1
turn, 25
place, 17
raleigh, 1
charleston, 2
discontinued, 1
teammates, 4
1000, 5
mexicanos, 2
symbolic, 1
depleted, 1
ethics, 1
millions, 1
given, 14
district, 1
stuck, 10
europe, 1
bahamas, 1
returns, 5
terrifying, 1
convention, 3
white, 7
gives, 5
season, 159
usas, 1
cops, 4
enigma, 1
copy, 2
wide, 6
unfortunately, 2
r, 26
sera, 1
cards, 1
marines, 1
outcome, 6
ang, 7
pro, 4
ano, 2
hershey, 1
ant, 1
mates, 2
rent, 1
sells, 1
any, 33
superman, 1
ideas, 1
dining, 2
animation, 1
blunt, 1
surf, 3
sure, 36
multiple, 2
falls, 3
rematch, 3
stormed, 1
multiply, 2
icon, 6
considered, 1
seafood, 5
shooter, 2
hungry, 3
uncle, 5
senior, 2
sculpted, 1
perch, 1
finials, 2
cheat, 1
applauding, 1
recipe, 4
genius, 1
gull, 2
crime, 3
believing, 3
masai, 1
expectation, 1
bandwagons, 1
trade, 10
freaking, 3
reveal, 1
joker, 2
jokes, 4
predicted, 5
ignored, 2
encourages, 1
college, 7
parking, 2
stanley, 3
encouraged, 1
madison, 1
federal, 1
review, 2
weapons, 4
outside, 25
arrival, 4
messed, 3
guitar, 1
coma, 1
20, 22
cities, 1
come, 143
reaction, 3
superstar, 1
efficiency, 1
quiet, 4
duty, 2
filtering, 1
bricks, 1
pot, 10
period, 3
pop, 8
60, 4
61, 4
pole, 1
63, 1
64, 2
67, 4
polo, 1
pod, 3
turkey, 1
teammate, 2
howard, 1
peruvian, 2
peaceful, 3
featuring, 3
hardly, 1
500, 1
direction, 1
blessing, 3
andrew, 3
tiger, 1
eaters, 1
careful, 2
irrelevant, 1
champions, 927
case, 11
cupping, 1
cash, 3
dorks, 1
shops, 1
ellison, 2
discrepancy, 1
couples, 1
good, 235
punched, 1
ironic, 2
author, 1
locking, 1
confidant, 1
marys, 1
ethiopia, 1
bows, 1
manila, 1
reminder, 1
events, 1
week, 30
nest, 1
driver, 2
ness, 2
weed, 5
director, 1
changing, 4
cartoon, 1
bodied, 1
ranch, 1
magical, 3
model, 2
reward, 1
commercials, 1
bodies, 1
tip, 5
kilt, 1
kill, 4
harrison, 7
blow, 2
rose, 1
seems, 9
except, 4
blog, 5
quitters, 1
lets, 395
humping, 1
poised, 1
ross, 1
kingdom, 1
kills, 1
inflation, 1
styled, 1
accepted, 3
furniture, 1
championing, 1
towel, 2
patrick, 1
buddies, 2
bracelet, 2
apaches, 1
tower, 1
nw, 1
snatches, 1
madrid, 2
pacific, 1
cowboys, 1
provided, 1
caribbean, 2
mood, 24
unmatched, 2
moon, 1
porter, 1
calmed, 1
diced, 1
nails, 5
royals, 1
loudest, 1
winningest, 1
earlier, 5
on, 4207
ok, 24
oh, 67
gunshots, 7
od, 1
ob, 1
stand, 29
stank, 1
os, 5
or, 108
ladies, 12
reactions, 1
cursed, 1
rising, 1
gary, 1
lastly, 1
pullman, 1
there, 135
cultures, 1
valley, 1
fish, 1
jug, 1
eyeliner, 1
revues, 1
ended, 9
jut, 1
faster, 1
taylor, 1
taste, 2
minneapolis, 1
intro, 1
politics, 1
stumbled, 1
idiot, 3
deserve, 38
swords, 2
roses, 2
5, 80
heathen, 1
trash, 6
championship, 440
separate, 1
finale, 6
sulla, 1
finals, 582
paige, 1
applause, 5
calls, 9
wife, 4
tanner, 1
barcelona, 2
exhausting, 1
derrick, 1
apparel, 1
pto, 1
all, 444
diss, 2
lace, 1
chinese, 5
lack, 2
ala, 1
follow, 46
pts, 9
apartment, 1
lining, 3
sparkling, 2
program, 2
gentes, 1
siblings, 2
crest, 2
woman, 5
worse, 1
song, 24
far, 14
grinds, 1
fat, 3
focus, 5
sons, 2
worst, 5
awful, 4
bubbles, 2
ticker, 2
treating, 1
retros, 5
clinched, 1
list, 7
grandfather, 1
vibes, 3
clincher, 1
flick, 4
ten, 4
tea, 2
ted, 1
tee, 6
rate, 1
design, 16
aptly, 1
sun, 5
sum, 1
crush, 4
booing, 3
version, 6
sus, 3
sur, 2
sup, 1
racing, 1
toes, 1
libation, 1
tags, 1
berkeley, 4
thompsons, 4
crybaby, 4
suddenly, 10
screens, 1
texts, 1
florence, 1
proceed, 1
donuts, 1
oak, 13
shits, 2
branded, 1
markets, 1
ladybug, 2
wretched, 1
knows, 7
definition, 3
grabbing, 1
waxed, 1
adapt, 1
flag, 6
stick, 5
known, 5
glad, 31
eden, 1
shielded, 1
v, 11
embarrassing, 1
brown, 2
joints, 1
pone, 1
pond, 1
court, 26
goal, 2
desperation, 1
rather, 5
breaking, 6
playmaker, 1
explains, 1
goat, 10
sandwich, 1
okay, 15
emulate, 1
reflect, 2
lighting, 1
adventure, 3
softball, 2
capitalize, 1
short, 2
shade, 5
balloon, 2
september, 3
developed, 1
mission, 35
outraged, 1
scientist, 1
littles, 1
milwaukee, 1
avenue, 3
airing, 1
style, 11
pray, 3
prodigy, 1
parts, 2
stephen, 102
bout, 36
soccer, 11
might, 19
somebody, 5
sucking, 1
eulogy, 1
hunter, 1
predator, 1
clippers, 13
speechless, 4
bigger, 8
couches, 2
nephews, 1
debacle, 1
allergies, 1
turns, 4
athletics, 8
hammering, 2
friendship, 2
tilted, 1
weight, 2
generation, 1
posts, 2
fixture, 1
soledad, 1
brother, 8
expect, 2
alcohol, 3
wondered, 1
imploring, 1
commemorative, 1
health, 1
hill, 3
exodus, 1
unengaged, 1
monotone, 1
friday, 51
forgive, 2
heads, 2
teach, 1
sidewalk, 4
fallen, 38
throws, 17
ding, 3
dine, 2
unhealthy, 2
feel, 55
fancy, 2
traveled, 3
feet, 3
blank, 2
slower, 1
passer, 1
passes, 3
story, 14
rookies, 1
leading, 7
interviews, 5
strategy, 2
passed, 2
finances, 1
store, 11
headache, 4
dethroned, 8
exploded, 1
hotel, 1
luckily, 1
king, 51
kind, 5
double, 15
motivation, 5
gals, 1
strengthen, 1
gala, 1
remodel, 1
hopelessly, 1
nights, 15
sandwiches, 1
finding, 2
donor, 2
puffing, 1
eff, 1
buff, 1
added, 3
electric, 4
reach, 2
reunited, 2
react, 1
76, 1
75, 5
73, 3
70, 1
nothing, 32
seasons, 3
achievement, 2
gentrification, 1
traditional, 1
dissolved, 1
deans, 1
fond, 1
sleeves, 1
stoned, 1
font, 1
cried, 3
grazed, 3
penalty, 1
hip, 1
hit, 19
longest, 8
emails, 1
cheersing, 1
timeless, 1
activity, 1
relentless, 7
wrote, 3
bars, 2
art, 16
bart, 35
rebs, 1
defense, 28
dumb, 13
are, 445
arm, 5
sportswear, 1
nailed, 6
slapper, 1
consecutive, 1
solo, 6
sold, 2
attention, 3
succeed, 2
franchise, 4
condo, 1
bronze, 2
c, 10
hesitant, 1
became, 11
witch, 1
bond, 1
finds, 4
guts, 2
distress, 1
reasons, 3
sweet, 14
sweep, 3
dudes, 1
pr, 1
ps, 1
pt, 4
dub, 55
overlook, 5
due, 14
teacher, 4
pb, 1
pc, 2
pa, 6
pd, 3
pe, 2
brick, 2
pi, 2
po, 2
woke, 10
pm, 3
flight, 4
togo, 1
rocking, 6
plants, 2
stolen, 1
versailles, 1
theres, 29
demon, 1
rip, 4
shamrock, 2
rio, 2
rid, 2
yosemite, 1
shirt, 29
parading, 3
fading, 1
delicious, 3
shire, 1
peoples, 1
9, 19
arrives, 2
moving, 8
bartlett, 3
lower, 1
try, 16
bounces, 1
analysis, 3
cheer, 5
edge, 2
inspirational, 1
stating, 1
hotdog, 1
questions, 4
tablet, 1
workers, 1
likeable, 3
exclusively, 1
fremont, 2
ignore, 1
collect, 4
essential, 1
fucking, 23
sauced, 2
streaming, 27
clown, 1
selfishness, 1
wanderlust, 2
meds, 1
retro, 1
innovation, 1
prod, 8
jumpy, 1
martin, 1
elixir, 1
intense, 8
russell, 1
entrepreneurs, 1
plaza, 3
range, 1
ballgame, 1
complimentary, 1
bleeds, 1
conserving, 2
blouses, 6
auntie, 3
mommy, 1
momma, 2
drifted, 1
impressed, 1
lone, 1
fast, 6
vendors, 1
summertime, 1
files, 1
delta, 1
junior, 1
deployed, 2
highlight, 2
z, 4
called, 45
shortcuts, 1
rally, 63
liking, 2
disappoints, 1
peace, 8
backs, 1
towers, 1
parlor, 1
nice, 46
dale, 1
problems, 3
helping, 6
bonding, 1
happier, 6
nun, 1
karma, 8
narrative, 3
nash, 2
scroll, 2
once, 19
resistance, 1
alien, 2
eds, 1
gang, 4
screen, 9
loyalty, 1
include, 2
sniper, 1
breathing, 2
wished, 1
hopper, 1
seizes, 1
bosses, 1
drinking, 5
notes, 2
defeats, 1
deals, 3
keynoting, 1
businesses, 1
snails, 1
plows, 1
wrestling, 1
traveling, 3
reunion, 4
makers, 1
folk, 2
showcase, 1
concessions, 1
waiting, 33
bds, 2
attire, 1
chose, 1
pushing, 4
youngest, 2
gloat, 1
sexy, 4
survivor, 2
shades, 1
murdered, 1
leaving, 9
shovel, 2
apple, 1
egypt, 3
confession, 1
apt, 2
volt, 4
captaincy, 1
motor, 1
duck, 1
apply, 1
nursing, 1
use, 15
fee, 2
hippie, 1
usa, 20
iced, 1
warriorssss, 1
fez, 1
sort, 1
parliament, 2
equity, 2
rabbit, 21
penis, 1
women, 14
supremacy, 1
proof, 4
bittersweet, 1
tap, 6
thirsty, 1
raps, 2
tax, 1
tad, 1
villain, 4
tag, 2
spa, 3
tam, 1
tan, 1
tai, 2
sir, 6
united, 2
guru, 1
cliches, 2
embarrassingly, 1
sidewalks, 1
struggles, 1
hopped, 2
slamming, 1
instead, 4
struggled, 1
sin, 2
defeat, 31
tension, 1
abuse, 2
wrist, 4
taco, 4
light, 13
honestly, 4
breast, 1
beauties, 1
farming, 1
130, 2
looks, 41
quake, 1
glen, 1
superior, 1
remembered, 2
choose, 2
orange, 1
covered, 1
holiday, 6
flex, 4
trophys, 1
material, 1
snoopy, 1
ambition, 2
gassed, 1
worlds, 2
ratatouille, 1
edit, 17
feast, 1
billy, 1
rockets, 1011
trap, 1
champ, 61
bills, 1
bogey, 1
88, 3
89, 1
firepower, 1
82, 1
83, 3
80, 3
86, 1
84, 1
85, 1
respects, 2
tabloid, 1
disarray, 2
common, 1
loyola, 1
bering, 1
york, 3
8s, 1
anyhow, 1
waterloo, 3
g, 9
4th, 29
biting, 2
firehouse, 1
bouquet, 1
unknown, 2
shell, 1
dreadlocks, 1
reflecting, 2
july, 7
commence, 1
boring, 1
richer, 4
screeching, 1
ringer, 1
afraid, 1
skittles, 1
agency, 1
boastful, 1
asshole, 1
clash, 1
who, 157
cracking, 1
highschool, 1
why, 61
deny, 2
refreshing, 2
saddest, 2
looked, 4
gain, 2
chances, 4
burners, 1
wingmen, 1
purely, 1
senegal, 1
fear, 3
filthy, 3
pleased, 1
unanimously, 1
craziness, 1
eat, 9
lemma, 2
combo, 1
piano, 1
thousands, 2
cube, 1
watching, 115
dope, 17
massacre, 1
peacemakers, 1
ones, 8
words, 11
chips, 1
cutout, 2
ghetto, 1
donate, 1
belts, 1
differential, 1
infesting, 1
view, 21
buzzer, 4
knowing, 2
buzzed, 1
closer, 9
vip, 2
birds, 1
favor, 1
closed, 6
torpedo, 1
bought, 8
exam, 1
amen, 7
joy, 15
childbirths, 1
job, 70
takeover, 1
homebrew, 1
withstanding, 1
memento, 1
diehard, 4
bronx, 1
canopy, 1
safely, 3
grounds, 1
cheerleaders, 2
wall, 4
shoving, 1
makin, 1
walk, 4
subscribe, 1
table, 4
decent, 4
broadcasts, 5
hindi, 2
mike, 9
crappy, 1
present, 7
unlike, 1
vanilla, 3
restaurant, 4
choices, 11
will, 180
hovering, 1
wild, 1
tar, 1
lakeside, 2
refs, 29
draining, 3
thug, 2
perhaps, 3
vintage, 1
cross, 2
unite, 3
member, 1
unity, 1
utica, 2
inch, 1
gets, 43
difficult, 2
coached, 1
beast, 11
coaches, 7
student, 2
collar, 2
warming, 3
celtic, 1
fighting, 12
english, 1
rocket, 2
yesterdays, 3
recap, 14
fishing, 1
rocked, 3
happiness, 7
disturbance, 1
console, 1
supply, 1
sky, 4
simple, 8
other, 41
unprecedented, 1
myth, 1
know, 119
catchers, 1
press, 15
coincidence, 4
ahem, 1
miami, 11
loser, 6
loses, 9
james, 101
nigga, 17
sequence, 2
mattresses, 1
scared, 2
flagrant, 2
110, 1
twirling, 1
lead, 62
philosopher, 1
14th, 18
earrings, 1
ripped, 1
ability, 1
inking, 2
pasta, 1
slug, 1
throne, 2
carried, 2
getting, 73
ashe, 1
shipping, 2
surge, 2
carries, 2
swear, 3
sweat, 2
own, 17
wilderness, 1
owe, 4
dubbin, 3
fundraiser, 1
pajamas, 1
weather, 1
promise, 5
carolinian, 1
geysers, 1
van, 4
platoon, 1
cinderella, 2
kidding, 1
overtime, 3
vas, 1
beard, 1
bitches, 2
volume, 3
trimester, 1
teaming, 1
champsss, 1
made, 83
temp, 1
distract, 2
record, 9
below, 2
cake, 4
buffs, 1
goodness, 1
trailing, 1
incredible, 8
boos, 1
boot, 2
illinois, 1
book, 7
boom, 11
sick, 10
incredibly, 4
lance, 1
junk, 1
kinds, 1
june, 11
kinda, 11
gap, 1
extort, 1
volumes, 1
richardson, 1
